{"max": [-1.59906, 6.61294, 0.0], "centroid": [-2.3037258936550717, 5.731706874441452, -0.20787051145844757], "id": "37e72e4a18a4d0ede2e4961161b75547", "numVertices": 4476, "min": [-3.009, 3.25316, -0.2794]}
